date,state,cases,deaths
2020-01-30,Distrito Federal,0,0
2020-01-30,Goiás,0,0
2020-01-30,Mato Grosso,0,0
2020-01-30,Mato Grosso do Sul,0,0
2020-01-30,Alagoas,0,0
2020-01-30,Bahia,0,0
2020-01-30,Ceará,0,0
2020-01-30,Maranhão,0,0
2020-01-30,Paraíba,0,0
2020-01-30,Pernambuco,0,0
2020-01-30,Piauí,0,0
2020-01-30,Rio Grande do Norte,0,0
2020-01-30,Sergipe,0,0
2020-01-30,Acre,0,0
2020-01-30,Amapá,0,0
2020-01-30,Amazonas,0,0
2020-01-30,Pará,0,0
2020-01-30,Rondônia,0,0
2020-01-30,Roraima,0,0
2020-01-30,Tocantins,0,0
2020-01-30,Espírito Santo,0,0
2020-01-30,Minas Gerais,0,0
2020-01-30,Rio de Janeiro,0,0
2020-01-30,São Paulo,0,0
2020-01-30,Paraná,0,0
2020-01-30,Rio Grande do Sul,0,0
2020-01-30,Santa Catarina,0,0
2020-01-31,Distrito Federal,0,0
2020-01-31,Goiás,0,0
2020-01-31,Mato Grosso,0,0
2020-01-31,Mato Grosso do Sul,0,0
2020-01-31,Alagoas,0,0
2020-01-31,Bahia,0,0
2020-01-31,Ceará,0,0
2020-01-31,Maranhão,0,0
2020-01-31,Paraíba,0,0
2020-01-31,Pernambuco,0,0
2020-01-31,Piauí,0,0
2020-01-31,Rio Grande do Norte,0,0
2020-01-31,Sergipe,0,0
2020-01-31,Acre,0,0
2020-01-31,Amapá,0,0
2020-01-31,Amazonas,0,0
2020-01-31,Pará,0,0
2020-01-31,Rondônia,0,0
2020-01-31,Roraima,0,0
2020-01-31,Tocantins,0,0
2020-01-31,Espírito Santo,0,0
2020-01-31,Minas Gerais,0,0
2020-01-31,Rio de Janeiro,0,0
2020-01-31,São Paulo,0,0
2020-01-31,Paraná,0,0
2020-01-31,Rio Grande do Sul,0,0
2020-01-31,Santa Catarina,0,0
2020-02-01,Distrito Federal,0,0
2020-02-01,Goiás,0,0
2020-02-01,Mato Grosso,0,0
2020-02-01,Mato Grosso do Sul,0,0
2020-02-01,Alagoas,0,0
2020-02-01,Bahia,0,0
2020-02-01,Ceará,0,0
2020-02-01,Maranhão,0,0
2020-02-01,Paraíba,0,0
2020-02-01,Pernambuco,0,0
2020-02-01,Piauí,0,0
2020-02-01,Rio Grande do Norte,0,0
2020-02-01,Sergipe,0,0
2020-02-01,Acre,0,0
2020-02-01,Amapá,0,0
2020-02-01,Amazonas,0,0
2020-02-01,Pará,0,0
2020-02-01,Rondônia,0,0
2020-02-01,Roraima,0,0
2020-02-01,Tocantins,0,0
2020-02-01,Espírito Santo,0,0
2020-02-01,Minas Gerais,0,0
2020-02-01,Rio de Janeiro,0,0
2020-02-01,São Paulo,0,0
2020-02-01,Paraná,0,0
2020-02-01,Rio Grande do Sul,0,0
2020-02-01,Santa Catarina,0,0
2020-02-02,Distrito Federal,0,0
2020-02-02,Goiás,0,0
2020-02-02,Mato Grosso,0,0
2020-02-02,Mato Grosso do Sul,0,0
2020-02-02,Alagoas,0,0
2020-02-02,Bahia,0,0
2020-02-02,Ceará,0,0
2020-02-02,Maranhão,0,0
2020-02-02,Paraíba,0,0
2020-02-02,Pernambuco,0,0
2020-02-02,Piauí,0,0
2020-02-02,Rio Grande do Norte,0,0
2020-02-02,Sergipe,0,0
2020-02-02,Acre,0,0
2020-02-02,Amapá,0,0
2020-02-02,Amazonas,0,0
2020-02-02,Pará,0,0
2020-02-02,Rondônia,0,0
2020-02-02,Roraima,0,0
2020-02-02,Tocantins,0,0
2020-02-02,Espírito Santo,0,0
2020-02-02,Minas Gerais,0,0
2020-02-02,Rio de Janeiro,0,0
2020-02-02,São Paulo,0,0
2020-02-02,Paraná,0,0
2020-02-02,Rio Grande do Sul,0,0
2020-02-02,Santa Catarina,0,0
2020-02-03,Distrito Federal,0,0
2020-02-03,Goiás,0,0
2020-02-03,Mato Grosso,0,0
2020-02-03,Mato Grosso do Sul,0,0
2020-02-03,Alagoas,0,0
2020-02-03,Bahia,0,0
2020-02-03,Ceará,0,0
2020-02-03,Maranhão,0,0
2020-02-03,Paraíba,0,0
2020-02-03,Pernambuco,0,0
2020-02-03,Piauí,0,0
2020-02-03,Rio Grande do Norte,0,0
2020-02-03,Sergipe,0,0
2020-02-03,Acre,0,0
2020-02-03,Amapá,0,0
2020-02-03,Amazonas,0,0
2020-02-03,Pará,0,0
2020-02-03,Rondônia,0,0
2020-02-03,Roraima,0,0
2020-02-03,Tocantins,0,0
2020-02-03,Espírito Santo,0,0
2020-02-03,Minas Gerais,0,0
2020-02-03,Rio de Janeiro,0,0
2020-02-03,São Paulo,0,0
2020-02-03,Paraná,0,0
2020-02-03,Rio Grande do Sul,0,0
2020-02-03,Santa Catarina,0,0
2020-02-04,Distrito Federal,0,0
2020-02-04,Goiás,0,0
2020-02-04,Mato Grosso,0,0
2020-02-04,Mato Grosso do Sul,0,0
2020-02-04,Alagoas,0,0
2020-02-04,Bahia,0,0
2020-02-04,Ceará,0,0
2020-02-04,Maranhão,0,0
2020-02-04,Paraíba,0,0
2020-02-04,Pernambuco,0,0
2020-02-04,Piauí,0,0
2020-02-04,Rio Grande do Norte,0,0
2020-02-04,Sergipe,0,0
2020-02-04,Acre,0,0
2020-02-04,Amapá,0,0
2020-02-04,Amazonas,0,0
2020-02-04,Pará,0,0
2020-02-04,Rondônia,0,0
2020-02-04,Roraima,0,0
2020-02-04,Tocantins,0,0
2020-02-04,Espírito Santo,0,0
2020-02-04,Minas Gerais,0,0
2020-02-04,Rio de Janeiro,0,0
2020-02-04,São Paulo,0,0
2020-02-04,Paraná,0,0
2020-02-04,Rio Grande do Sul,0,0
2020-02-04,Santa Catarina,0,0
2020-02-05,Distrito Federal,0,0
2020-02-05,Goiás,0,0
2020-02-05,Mato Grosso,0,0
2020-02-05,Mato Grosso do Sul,0,0
2020-02-05,Alagoas,0,0
2020-02-05,Bahia,0,0
2020-02-05,Ceará,0,0
2020-02-05,Maranhão,0,0
2020-02-05,Paraíba,0,0
2020-02-05,Pernambuco,0,0
2020-02-05,Piauí,0,0
2020-02-05,Rio Grande do Norte,0,0
2020-02-05,Sergipe,0,0
2020-02-05,Acre,0,0
2020-02-05,Amapá,0,0
2020-02-05,Amazonas,0,0
2020-02-05,Pará,0,0
2020-02-05,Rondônia,0,0
2020-02-05,Roraima,0,0
2020-02-05,Tocantins,0,0
2020-02-05,Espírito Santo,0,0
2020-02-05,Minas Gerais,0,0
2020-02-05,Rio de Janeiro,0,0
2020-02-05,São Paulo,0,0
2020-02-05,Paraná,0,0
2020-02-05,Rio Grande do Sul,0,0
2020-02-05,Santa Catarina,0,0
2020-02-06,Distrito Federal,0,0
2020-02-06,Goiás,0,0
2020-02-06,Mato Grosso,0,0
2020-02-06,Mato Grosso do Sul,0,0
2020-02-06,Alagoas,0,0
2020-02-06,Bahia,0,0
2020-02-06,Ceará,0,0
2020-02-06,Maranhão,0,0
2020-02-06,Paraíba,0,0
2020-02-06,Pernambuco,0,0
2020-02-06,Piauí,0,0
2020-02-06,Rio Grande do Norte,0,0
2020-02-06,Sergipe,0,0
2020-02-06,Acre,0,0
2020-02-06,Amapá,0,0
2020-02-06,Amazonas,0,0
2020-02-06,Pará,0,0
2020-02-06,Rondônia,0,0
2020-02-06,Roraima,0,0
2020-02-06,Tocantins,0,0
2020-02-06,Espírito Santo,0,0
2020-02-06,Minas Gerais,0,0
2020-02-06,Rio de Janeiro,0,0
2020-02-06,São Paulo,0,0
2020-02-06,Paraná,0,0
2020-02-06,Rio Grande do Sul,0,0
2020-02-06,Santa Catarina,0,0
2020-02-07,Distrito Federal,0,0
2020-02-07,Goiás,0,0
2020-02-07,Mato Grosso,0,0
2020-02-07,Mato Grosso do Sul,0,0
2020-02-07,Alagoas,0,0
2020-02-07,Bahia,0,0
2020-02-07,Ceará,0,0
2020-02-07,Maranhão,0,0
2020-02-07,Paraíba,0,0
2020-02-07,Pernambuco,0,0
2020-02-07,Piauí,0,0
2020-02-07,Rio Grande do Norte,0,0
2020-02-07,Sergipe,0,0
2020-02-07,Acre,0,0
2020-02-07,Amapá,0,0
2020-02-07,Amazonas,0,0
2020-02-07,Pará,0,0
2020-02-07,Rondônia,0,0
2020-02-07,Roraima,0,0
2020-02-07,Tocantins,0,0
2020-02-07,Espírito Santo,0,0
2020-02-07,Minas Gerais,0,0
2020-02-07,Rio de Janeiro,0,0
2020-02-07,São Paulo,0,0
2020-02-07,Paraná,0,0
2020-02-07,Rio Grande do Sul,0,0
2020-02-07,Santa Catarina,0,0
2020-02-08,Distrito Federal,0,0
2020-02-08,Goiás,0,0
2020-02-08,Mato Grosso,0,0
2020-02-08,Mato Grosso do Sul,0,0
2020-02-08,Alagoas,0,0
2020-02-08,Bahia,0,0
2020-02-08,Ceará,0,0
2020-02-08,Maranhão,0,0
2020-02-08,Paraíba,0,0
2020-02-08,Pernambuco,0,0
2020-02-08,Piauí,0,0
2020-02-08,Rio Grande do Norte,0,0
2020-02-08,Sergipe,0,0
2020-02-08,Acre,0,0
2020-02-08,Amapá,0,0
2020-02-08,Amazonas,0,0
2020-02-08,Pará,0,0
2020-02-08,Rondônia,0,0
2020-02-08,Roraima,0,0
2020-02-08,Tocantins,0,0
2020-02-08,Espírito Santo,0,0
2020-02-08,Minas Gerais,0,0
2020-02-08,Rio de Janeiro,0,0
2020-02-08,São Paulo,0,0
2020-02-08,Paraná,0,0
2020-02-08,Rio Grande do Sul,0,0
2020-02-08,Santa Catarina,0,0
2020-02-09,Distrito Federal,0,0
2020-02-09,Goiás,0,0
2020-02-09,Mato Grosso,0,0
2020-02-09,Mato Grosso do Sul,0,0
2020-02-09,Alagoas,0,0
2020-02-09,Bahia,0,0
2020-02-09,Ceará,0,0
2020-02-09,Maranhão,0,0
2020-02-09,Paraíba,0,0
2020-02-09,Pernambuco,0,0
2020-02-09,Piauí,0,0
2020-02-09,Rio Grande do Norte,0,0
2020-02-09,Sergipe,0,0
2020-02-09,Acre,0,0
2020-02-09,Amapá,0,0
2020-02-09,Amazonas,0,0
2020-02-09,Pará,0,0
2020-02-09,Rondônia,0,0
2020-02-09,Roraima,0,0
2020-02-09,Tocantins,0,0
2020-02-09,Espírito Santo,0,0
2020-02-09,Minas Gerais,0,0
2020-02-09,Rio de Janeiro,0,0
2020-02-09,São Paulo,0,0
2020-02-09,Paraná,0,0
2020-02-09,Rio Grande do Sul,0,0
2020-02-09,Santa Catarina,0,0
2020-02-10,Distrito Federal,0,0
2020-02-10,Goiás,0,0
2020-02-10,Mato Grosso,0,0
2020-02-10,Mato Grosso do Sul,0,0
2020-02-10,Alagoas,0,0
2020-02-10,Bahia,0,0
2020-02-10,Ceará,0,0
2020-02-10,Maranhão,0,0
2020-02-10,Paraíba,0,0
2020-02-10,Pernambuco,0,0
2020-02-10,Piauí,0,0
2020-02-10,Rio Grande do Norte,0,0
2020-02-10,Sergipe,0,0
2020-02-10,Acre,0,0
2020-02-10,Amapá,0,0
2020-02-10,Amazonas,0,0
2020-02-10,Pará,0,0
2020-02-10,Rondônia,0,0
2020-02-10,Roraima,0,0
2020-02-10,Tocantins,0,0
2020-02-10,Espírito Santo,0,0
2020-02-10,Minas Gerais,0,0
2020-02-10,Rio de Janeiro,0,0
2020-02-10,São Paulo,0,0
2020-02-10,Paraná,0,0
2020-02-10,Rio Grande do Sul,0,0
2020-02-10,Santa Catarina,0,0
2020-02-11,Distrito Federal,0,0
2020-02-11,Goiás,0,0
2020-02-11,Mato Grosso,0,0
2020-02-11,Mato Grosso do Sul,0,0
2020-02-11,Alagoas,0,0
2020-02-11,Bahia,0,0
2020-02-11,Ceará,0,0
2020-02-11,Maranhão,0,0
2020-02-11,Paraíba,0,0
2020-02-11,Pernambuco,0,0
2020-02-11,Piauí,0,0
2020-02-11,Rio Grande do Norte,0,0
2020-02-11,Sergipe,0,0
2020-02-11,Acre,0,0
2020-02-11,Amapá,0,0
2020-02-11,Amazonas,0,0
2020-02-11,Pará,0,0
2020-02-11,Rondônia,0,0
2020-02-11,Roraima,0,0
2020-02-11,Tocantins,0,0
2020-02-11,Espírito Santo,0,0
2020-02-11,Minas Gerais,0,0
2020-02-11,Rio de Janeiro,0,0
2020-02-11,São Paulo,0,0
2020-02-11,Paraná,0,0
2020-02-11,Rio Grande do Sul,0,0
2020-02-11,Santa Catarina,0,0
2020-02-12,Distrito Federal,0,0
2020-02-12,Goiás,0,0
2020-02-12,Mato Grosso,0,0
2020-02-12,Mato Grosso do Sul,0,0
2020-02-12,Alagoas,0,0
2020-02-12,Bahia,0,0
2020-02-12,Ceará,0,0
2020-02-12,Maranhão,0,0
2020-02-12,Paraíba,0,0
2020-02-12,Pernambuco,0,0
2020-02-12,Piauí,0,0
2020-02-12,Rio Grande do Norte,0,0
2020-02-12,Sergipe,0,0
2020-02-12,Acre,0,0
2020-02-12,Amapá,0,0
2020-02-12,Amazonas,0,0
2020-02-12,Pará,0,0
2020-02-12,Rondônia,0,0
2020-02-12,Roraima,0,0
2020-02-12,Tocantins,0,0
2020-02-12,Espírito Santo,0,0
2020-02-12,Minas Gerais,0,0
2020-02-12,Rio de Janeiro,0,0
2020-02-12,São Paulo,0,0
2020-02-12,Paraná,0,0
2020-02-12,Rio Grande do Sul,0,0
2020-02-12,Santa Catarina,0,0
2020-02-13,Distrito Federal,0,0
2020-02-13,Goiás,0,0
2020-02-13,Mato Grosso,0,0
2020-02-13,Mato Grosso do Sul,0,0
2020-02-13,Alagoas,0,0
2020-02-13,Bahia,0,0
2020-02-13,Ceará,0,0
2020-02-13,Maranhão,0,0
2020-02-13,Paraíba,0,0
2020-02-13,Pernambuco,0,0
2020-02-13,Piauí,0,0
2020-02-13,Rio Grande do Norte,0,0
2020-02-13,Sergipe,0,0
2020-02-13,Acre,0,0
2020-02-13,Amapá,0,0
2020-02-13,Amazonas,0,0
2020-02-13,Pará,0,0
2020-02-13,Rondônia,0,0
2020-02-13,Roraima,0,0
2020-02-13,Tocantins,0,0
2020-02-13,Espírito Santo,0,0
2020-02-13,Minas Gerais,0,0
2020-02-13,Rio de Janeiro,0,0
2020-02-13,São Paulo,0,0
2020-02-13,Paraná,0,0
2020-02-13,Rio Grande do Sul,0,0
2020-02-13,Santa Catarina,0,0
2020-02-14,Distrito Federal,0,0
2020-02-14,Goiás,0,0
2020-02-14,Mato Grosso,0,0
2020-02-14,Mato Grosso do Sul,0,0
2020-02-14,Alagoas,0,0
2020-02-14,Bahia,0,0
2020-02-14,Ceará,0,0
2020-02-14,Maranhão,0,0
2020-02-14,Paraíba,0,0
2020-02-14,Pernambuco,0,0
2020-02-14,Piauí,0,0
2020-02-14,Rio Grande do Norte,0,0
2020-02-14,Sergipe,0,0
2020-02-14,Acre,0,0
2020-02-14,Amapá,0,0
2020-02-14,Amazonas,0,0
2020-02-14,Pará,0,0
2020-02-14,Rondônia,0,0
2020-02-14,Roraima,0,0
2020-02-14,Tocantins,0,0
2020-02-14,Espírito Santo,0,0
2020-02-14,Minas Gerais,0,0
2020-02-14,Rio de Janeiro,0,0
2020-02-14,São Paulo,0,0
2020-02-14,Paraná,0,0
2020-02-14,Rio Grande do Sul,0,0
2020-02-14,Santa Catarina,0,0
2020-02-15,Distrito Federal,0,0
2020-02-15,Goiás,0,0
2020-02-15,Mato Grosso,0,0
2020-02-15,Mato Grosso do Sul,0,0
2020-02-15,Alagoas,0,0
2020-02-15,Bahia,0,0
2020-02-15,Ceará,0,0
2020-02-15,Maranhão,0,0
2020-02-15,Paraíba,0,0
2020-02-15,Pernambuco,0,0
2020-02-15,Piauí,0,0
2020-02-15,Rio Grande do Norte,0,0
2020-02-15,Sergipe,0,0
2020-02-15,Acre,0,0
2020-02-15,Amapá,0,0
2020-02-15,Amazonas,0,0
2020-02-15,Pará,0,0
2020-02-15,Rondônia,0,0
2020-02-15,Roraima,0,0
2020-02-15,Tocantins,0,0
2020-02-15,Espírito Santo,0,0
2020-02-15,Minas Gerais,0,0
2020-02-15,Rio de Janeiro,0,0
2020-02-15,São Paulo,0,0
2020-02-15,Paraná,0,0
2020-02-15,Rio Grande do Sul,0,0
2020-02-15,Santa Catarina,0,0
2020-02-16,Distrito Federal,0,0
2020-02-16,Goiás,0,0
2020-02-16,Mato Grosso,0,0
2020-02-16,Mato Grosso do Sul,0,0
2020-02-16,Alagoas,0,0
2020-02-16,Bahia,0,0
2020-02-16,Ceará,0,0
2020-02-16,Maranhão,0,0
2020-02-16,Paraíba,0,0
2020-02-16,Pernambuco,0,0
2020-02-16,Piauí,0,0
2020-02-16,Rio Grande do Norte,0,0
2020-02-16,Sergipe,0,0
2020-02-16,Acre,0,0
2020-02-16,Amapá,0,0
2020-02-16,Amazonas,0,0
2020-02-16,Pará,0,0
2020-02-16,Rondônia,0,0
2020-02-16,Roraima,0,0
2020-02-16,Tocantins,0,0
2020-02-16,Espírito Santo,0,0
2020-02-16,Minas Gerais,0,0
2020-02-16,Rio de Janeiro,0,0
2020-02-16,São Paulo,0,0
2020-02-16,Paraná,0,0
2020-02-16,Rio Grande do Sul,0,0
2020-02-16,Santa Catarina,0,0
2020-02-17,Distrito Federal,0,0
2020-02-17,Goiás,0,0
2020-02-17,Mato Grosso,0,0
2020-02-17,Mato Grosso do Sul,0,0
2020-02-17,Alagoas,0,0
2020-02-17,Bahia,0,0
2020-02-17,Ceará,0,0
2020-02-17,Maranhão,0,0
2020-02-17,Paraíba,0,0
2020-02-17,Pernambuco,0,0
2020-02-17,Piauí,0,0
2020-02-17,Rio Grande do Norte,0,0
2020-02-17,Sergipe,0,0
2020-02-17,Acre,0,0
2020-02-17,Amapá,0,0
2020-02-17,Amazonas,0,0
2020-02-17,Pará,0,0
2020-02-17,Rondônia,0,0
2020-02-17,Roraima,0,0
2020-02-17,Tocantins,0,0
2020-02-17,Espírito Santo,0,0
2020-02-17,Minas Gerais,0,0
2020-02-17,Rio de Janeiro,0,0
2020-02-17,São Paulo,0,0
2020-02-17,Paraná,0,0
2020-02-17,Rio Grande do Sul,0,0
2020-02-17,Santa Catarina,0,0
2020-02-18,Distrito Federal,0,0
2020-02-18,Goiás,0,0
2020-02-18,Mato Grosso,0,0
2020-02-18,Mato Grosso do Sul,0,0
2020-02-18,Alagoas,0,0
2020-02-18,Bahia,0,0
2020-02-18,Ceará,0,0
2020-02-18,Maranhão,0,0
2020-02-18,Paraíba,0,0
2020-02-18,Pernambuco,0,0
2020-02-18,Piauí,0,0
2020-02-18,Rio Grande do Norte,0,0
2020-02-18,Sergipe,0,0
2020-02-18,Acre,0,0
2020-02-18,Amapá,0,0
2020-02-18,Amazonas,0,0
2020-02-18,Pará,0,0
2020-02-18,Rondônia,0,0
2020-02-18,Roraima,0,0
2020-02-18,Tocantins,0,0
2020-02-18,Espírito Santo,0,0
2020-02-18,Minas Gerais,0,0
2020-02-18,Rio de Janeiro,0,0
2020-02-18,São Paulo,0,0
2020-02-18,Paraná,0,0
2020-02-18,Rio Grande do Sul,0,0
2020-02-18,Santa Catarina,0,0
2020-02-19,Distrito Federal,0,0
2020-02-19,Goiás,0,0
2020-02-19,Mato Grosso,0,0
2020-02-19,Mato Grosso do Sul,0,0
2020-02-19,Alagoas,0,0
2020-02-19,Bahia,0,0
2020-02-19,Ceará,0,0
2020-02-19,Maranhão,0,0
2020-02-19,Paraíba,0,0
2020-02-19,Pernambuco,0,0
2020-02-19,Piauí,0,0
2020-02-19,Rio Grande do Norte,0,0
2020-02-19,Sergipe,0,0
2020-02-19,Acre,0,0
2020-02-19,Amapá,0,0
2020-02-19,Amazonas,0,0
2020-02-19,Pará,0,0
2020-02-19,Rondônia,0,0
2020-02-19,Roraima,0,0
2020-02-19,Tocantins,0,0
2020-02-19,Espírito Santo,0,0
2020-02-19,Minas Gerais,0,0
2020-02-19,Rio de Janeiro,0,0
2020-02-19,São Paulo,0,0
2020-02-19,Paraná,0,0
2020-02-19,Rio Grande do Sul,0,0
2020-02-19,Santa Catarina,0,0
2020-02-20,Distrito Federal,0,0
2020-02-20,Goiás,0,0
2020-02-20,Mato Grosso,0,0
2020-02-20,Mato Grosso do Sul,0,0
2020-02-20,Alagoas,0,0
2020-02-20,Bahia,0,0
2020-02-20,Ceará,0,0
2020-02-20,Maranhão,0,0
2020-02-20,Paraíba,0,0
2020-02-20,Pernambuco,0,0
2020-02-20,Piauí,0,0
2020-02-20,Rio Grande do Norte,0,0
2020-02-20,Sergipe,0,0
2020-02-20,Acre,0,0
2020-02-20,Amapá,0,0
2020-02-20,Amazonas,0,0
2020-02-20,Pará,0,0
2020-02-20,Rondônia,0,0
2020-02-20,Roraima,0,0
2020-02-20,Tocantins,0,0
2020-02-20,Espírito Santo,0,0
2020-02-20,Minas Gerais,0,0
2020-02-20,Rio de Janeiro,0,0
2020-02-20,São Paulo,0,0
2020-02-20,Paraná,0,0
2020-02-20,Rio Grande do Sul,0,0
2020-02-20,Santa Catarina,0,0
2020-02-21,Distrito Federal,0,0
2020-02-21,Goiás,0,0
2020-02-21,Mato Grosso,0,0
2020-02-21,Mato Grosso do Sul,0,0
2020-02-21,Alagoas,0,0
2020-02-21,Bahia,0,0
2020-02-21,Ceará,0,0
2020-02-21,Maranhão,0,0
2020-02-21,Paraíba,0,0
2020-02-21,Pernambuco,0,0
2020-02-21,Piauí,0,0
2020-02-21,Rio Grande do Norte,0,0
2020-02-21,Sergipe,0,0
2020-02-21,Acre,0,0
2020-02-21,Amapá,0,0
2020-02-21,Amazonas,0,0
2020-02-21,Pará,0,0
2020-02-21,Rondônia,0,0
2020-02-21,Roraima,0,0
2020-02-21,Tocantins,0,0
2020-02-21,Espírito Santo,0,0
2020-02-21,Minas Gerais,0,0
2020-02-21,Rio de Janeiro,0,0
2020-02-21,São Paulo,0,0
2020-02-21,Paraná,0,0
2020-02-21,Rio Grande do Sul,0,0
2020-02-21,Santa Catarina,0,0
2020-02-22,Distrito Federal,0,0
2020-02-22,Goiás,0,0
2020-02-22,Mato Grosso,0,0
2020-02-22,Mato Grosso do Sul,0,0
2020-02-22,Alagoas,0,0
2020-02-22,Bahia,0,0
2020-02-22,Ceará,0,0
2020-02-22,Maranhão,0,0
2020-02-22,Paraíba,0,0
2020-02-22,Pernambuco,0,0
2020-02-22,Piauí,0,0
2020-02-22,Rio Grande do Norte,0,0
2020-02-22,Sergipe,0,0
2020-02-22,Acre,0,0
2020-02-22,Amapá,0,0
2020-02-22,Amazonas,0,0
2020-02-22,Pará,0,0
2020-02-22,Rondônia,0,0
2020-02-22,Roraima,0,0
2020-02-22,Tocantins,0,0
2020-02-22,Espírito Santo,0,0
2020-02-22,Minas Gerais,0,0
2020-02-22,Rio de Janeiro,0,0
2020-02-22,São Paulo,0,0
2020-02-22,Paraná,0,0
2020-02-22,Rio Grande do Sul,0,0
2020-02-22,Santa Catarina,0,0
2020-02-23,Distrito Federal,0,0
2020-02-23,Goiás,0,0
2020-02-23,Mato Grosso,0,0
2020-02-23,Mato Grosso do Sul,0,0
2020-02-23,Alagoas,0,0
2020-02-23,Bahia,0,0
2020-02-23,Ceará,0,0
2020-02-23,Maranhão,0,0
2020-02-23,Paraíba,0,0
2020-02-23,Pernambuco,0,0
2020-02-23,Piauí,0,0
2020-02-23,Rio Grande do Norte,0,0
2020-02-23,Sergipe,0,0
2020-02-23,Acre,0,0
2020-02-23,Amapá,0,0
2020-02-23,Amazonas,0,0
2020-02-23,Pará,0,0
2020-02-23,Rondônia,0,0
2020-02-23,Roraima,0,0
2020-02-23,Tocantins,0,0
2020-02-23,Espírito Santo,0,0
2020-02-23,Minas Gerais,0,0
2020-02-23,Rio de Janeiro,0,0
2020-02-23,São Paulo,0,0
2020-02-23,Paraná,0,0
2020-02-23,Rio Grande do Sul,0,0
2020-02-23,Santa Catarina,0,0
2020-02-24,Distrito Federal,0,0
2020-02-24,Goiás,0,0
2020-02-24,Mato Grosso,0,0
2020-02-24,Mato Grosso do Sul,0,0
2020-02-24,Alagoas,0,0
2020-02-24,Bahia,0,0
2020-02-24,Ceará,0,0
2020-02-24,Maranhão,0,0
2020-02-24,Paraíba,0,0
2020-02-24,Pernambuco,0,0
2020-02-24,Piauí,0,0
2020-02-24,Rio Grande do Norte,0,0
2020-02-24,Sergipe,0,0
2020-02-24,Acre,0,0
2020-02-24,Amapá,0,0
2020-02-24,Amazonas,0,0
2020-02-24,Pará,0,0
2020-02-24,Rondônia,0,0
2020-02-24,Roraima,0,0
2020-02-24,Tocantins,0,0
2020-02-24,Espírito Santo,0,0
2020-02-24,Minas Gerais,0,0
2020-02-24,Rio de Janeiro,0,0
2020-02-24,São Paulo,0,0
2020-02-24,Paraná,0,0
2020-02-24,Rio Grande do Sul,0,0
2020-02-24,Santa Catarina,0,0
2020-02-25,Distrito Federal,0,0
2020-02-25,Goiás,0,0
2020-02-25,Mato Grosso,0,0
2020-02-25,Mato Grosso do Sul,0,0
2020-02-25,Alagoas,0,0
2020-02-25,Bahia,0,0
2020-02-25,Ceará,0,0
2020-02-25,Maranhão,0,0
2020-02-25,Paraíba,0,0
2020-02-25,Pernambuco,0,0
2020-02-25,Piauí,0,0
2020-02-25,Rio Grande do Norte,0,0
2020-02-25,Sergipe,0,0
2020-02-25,Acre,0,0
2020-02-25,Amapá,0,0
2020-02-25,Amazonas,0,0
2020-02-25,Pará,0,0
2020-02-25,Rondônia,0,0
2020-02-25,Roraima,0,0
2020-02-25,Tocantins,0,0
2020-02-25,Espírito Santo,0,0
2020-02-25,Minas Gerais,0,0
2020-02-25,Rio de Janeiro,0,0
2020-02-25,São Paulo,0,0
2020-02-25,Paraná,0,0
2020-02-25,Rio Grande do Sul,0,0
2020-02-25,Santa Catarina,0,0
2020-02-26,Distrito Federal,0,0
2020-02-26,Goiás,0,0
2020-02-26,Mato Grosso,0,0
2020-02-26,Mato Grosso do Sul,0,0
2020-02-26,Alagoas,0,0
2020-02-26,Bahia,0,0
2020-02-26,Ceará,0,0
2020-02-26,Maranhão,0,0
2020-02-26,Paraíba,0,0
2020-02-26,Pernambuco,0,0
2020-02-26,Piauí,0,0
2020-02-26,Rio Grande do Norte,0,0
2020-02-26,Sergipe,0,0
2020-02-26,Acre,0,0
2020-02-26,Amapá,0,0
2020-02-26,Amazonas,0,0
2020-02-26,Pará,0,0
2020-02-26,Rondônia,0,0
2020-02-26,Roraima,0,0
2020-02-26,Tocantins,0,0
2020-02-26,Espírito Santo,0,0
2020-02-26,Minas Gerais,0,0
2020-02-26,Rio de Janeiro,0,0
2020-02-26,São Paulo,1,0
2020-02-26,Paraná,0,0
2020-02-26,Rio Grande do Sul,0,0
2020-02-26,Santa Catarina,0,0
2020-02-27,Distrito Federal,0,0
2020-02-27,Goiás,0,0
2020-02-27,Mato Grosso,0,0
2020-02-27,Mato Grosso do Sul,0,0
2020-02-27,Alagoas,0,0
2020-02-27,Bahia,0,0
2020-02-27,Ceará,0,0
2020-02-27,Maranhão,0,0
2020-02-27,Paraíba,0,0
2020-02-27,Pernambuco,0,0
2020-02-27,Piauí,0,0
2020-02-27,Rio Grande do Norte,0,0
2020-02-27,Sergipe,0,0
2020-02-27,Acre,0,0
2020-02-27,Amapá,0,0
2020-02-27,Amazonas,0,0
2020-02-27,Pará,0,0
2020-02-27,Rondônia,0,0
2020-02-27,Roraima,0,0
2020-02-27,Tocantins,0,0
2020-02-27,Espírito Santo,0,0
2020-02-27,Minas Gerais,0,0
2020-02-27,Rio de Janeiro,0,0
2020-02-27,São Paulo,1,0
2020-02-27,Paraná,0,0
2020-02-27,Rio Grande do Sul,0,0
2020-02-27,Santa Catarina,0,0
2020-02-28,Distrito Federal,0,0
2020-02-28,Goiás,0,0
2020-02-28,Mato Grosso,0,0
2020-02-28,Mato Grosso do Sul,0,0
2020-02-28,Alagoas,0,0
2020-02-28,Bahia,0,0
2020-02-28,Ceará,0,0
2020-02-28,Maranhão,0,0
2020-02-28,Paraíba,0,0
2020-02-28,Pernambuco,0,0
2020-02-28,Piauí,0,0
2020-02-28,Rio Grande do Norte,0,0
2020-02-28,Sergipe,0,0
2020-02-28,Acre,0,0
2020-02-28,Amapá,0,0
2020-02-28,Amazonas,0,0
2020-02-28,Pará,0,0
2020-02-28,Rondônia,0,0
2020-02-28,Roraima,0,0
2020-02-28,Tocantins,0,0
2020-02-28,Espírito Santo,0,0
2020-02-28,Minas Gerais,0,0
2020-02-28,Rio de Janeiro,0,0
2020-02-28,São Paulo,1,0
2020-02-28,Paraná,0,0
2020-02-28,Rio Grande do Sul,0,0
2020-02-28,Santa Catarina,0,0
2020-02-29,Distrito Federal,0,0
2020-02-29,Goiás,0,0
2020-02-29,Mato Grosso,0,0
2020-02-29,Mato Grosso do Sul,0,0
2020-02-29,Alagoas,0,0
2020-02-29,Bahia,0,0
2020-02-29,Ceará,0,0
2020-02-29,Maranhão,0,0
2020-02-29,Paraíba,0,0
2020-02-29,Pernambuco,0,0
2020-02-29,Piauí,0,0
2020-02-29,Rio Grande do Norte,0,0
2020-02-29,Sergipe,0,0
2020-02-29,Acre,0,0
2020-02-29,Amapá,0,0
2020-02-29,Amazonas,0,0
2020-02-29,Pará,0,0
2020-02-29,Rondônia,0,0
2020-02-29,Roraima,0,0
2020-02-29,Tocantins,0,0
2020-02-29,Espírito Santo,0,0
2020-02-29,Minas Gerais,0,0
2020-02-29,Rio de Janeiro,0,0
2020-02-29,São Paulo,2,0
2020-02-29,Paraná,0,0
2020-02-29,Rio Grande do Sul,0,0
2020-02-29,Santa Catarina,0,0
2020-03-01,Distrito Federal,0,0
2020-03-01,Goiás,0,0
2020-03-01,Mato Grosso,0,0
2020-03-01,Mato Grosso do Sul,0,0
2020-03-01,Alagoas,0,0
2020-03-01,Bahia,0,0
2020-03-01,Ceará,0,0
2020-03-01,Maranhão,0,0
2020-03-01,Paraíba,0,0
2020-03-01,Pernambuco,0,0
2020-03-01,Piauí,0,0
2020-03-01,Rio Grande do Norte,0,0
2020-03-01,Sergipe,0,0
2020-03-01,Acre,0,0
2020-03-01,Amapá,0,0
2020-03-01,Amazonas,0,0
2020-03-01,Pará,0,0
2020-03-01,Rondônia,0,0
2020-03-01,Roraima,0,0
2020-03-01,Tocantins,0,0
2020-03-01,Espírito Santo,0,0
2020-03-01,Minas Gerais,0,0
2020-03-01,Rio de Janeiro,0,0
2020-03-01,São Paulo,2,0
2020-03-01,Paraná,0,0
2020-03-01,Rio Grande do Sul,0,0
2020-03-01,Santa Catarina,0,0
2020-03-02,Distrito Federal,0,0
2020-03-02,Goiás,0,0
2020-03-02,Mato Grosso,0,0
2020-03-02,Mato Grosso do Sul,0,0
2020-03-02,Alagoas,0,0
2020-03-02,Bahia,0,0
2020-03-02,Ceará,0,0
2020-03-02,Maranhão,0,0
2020-03-02,Paraíba,0,0
2020-03-02,Pernambuco,0,0
2020-03-02,Piauí,0,0
2020-03-02,Rio Grande do Norte,0,0
2020-03-02,Sergipe,0,0
2020-03-02,Acre,0,0
2020-03-02,Amapá,0,0
2020-03-02,Amazonas,0,0
2020-03-02,Pará,0,0
2020-03-02,Rondônia,0,0
2020-03-02,Roraima,0,0
2020-03-02,Tocantins,0,0
2020-03-02,Espírito Santo,0,0
2020-03-02,Minas Gerais,0,0
2020-03-02,Rio de Janeiro,0,0
2020-03-02,São Paulo,2,0
2020-03-02,Paraná,0,0
2020-03-02,Rio Grande do Sul,0,0
2020-03-02,Santa Catarina,0,0
2020-03-03,Distrito Federal,0,0
2020-03-03,Goiás,0,0
2020-03-03,Mato Grosso,0,0
2020-03-03,Mato Grosso do Sul,0,0
2020-03-03,Alagoas,0,0
2020-03-03,Bahia,0,0
2020-03-03,Ceará,0,0
2020-03-03,Maranhão,0,0
2020-03-03,Paraíba,0,0
2020-03-03,Pernambuco,0,0
2020-03-03,Piauí,0,0
2020-03-03,Rio Grande do Norte,0,0
2020-03-03,Sergipe,0,0
2020-03-03,Acre,0,0
2020-03-03,Amapá,0,0
2020-03-03,Amazonas,0,0
2020-03-03,Pará,0,0
2020-03-03,Rondônia,0,0
2020-03-03,Roraima,0,0
2020-03-03,Tocantins,0,0
2020-03-03,Espírito Santo,0,0
2020-03-03,Minas Gerais,0,0
2020-03-03,Rio de Janeiro,0,0
2020-03-03,São Paulo,2,0
2020-03-03,Paraná,0,0
2020-03-03,Rio Grande do Sul,0,0
2020-03-03,Santa Catarina,0,0
2020-03-04,Distrito Federal,0,0
2020-03-04,Goiás,0,0
2020-03-04,Mato Grosso,0,0
2020-03-04,Mato Grosso do Sul,0,0
2020-03-04,Alagoas,0,0
2020-03-04,Bahia,0,0
2020-03-04,Ceará,0,0
2020-03-04,Maranhão,0,0
2020-03-04,Paraíba,0,0
2020-03-04,Pernambuco,0,0
2020-03-04,Piauí,0,0
2020-03-04,Rio Grande do Norte,0,0
2020-03-04,Sergipe,0,0
2020-03-04,Acre,0,0
2020-03-04,Amapá,0,0
2020-03-04,Amazonas,0,0
2020-03-04,Pará,0,0
2020-03-04,Rondônia,0,0
2020-03-04,Roraima,0,0
2020-03-04,Tocantins,0,0
2020-03-04,Espírito Santo,0,0
2020-03-04,Minas Gerais,0,0
2020-03-04,Rio de Janeiro,0,0
2020-03-04,São Paulo,3,0
2020-03-04,Paraná,0,0
2020-03-04,Rio Grande do Sul,0,0
2020-03-04,Santa Catarina,0,0
2020-03-05,Distrito Federal,0,0
2020-03-05,Goiás,0,0
2020-03-05,Mato Grosso,0,0
2020-03-05,Mato Grosso do Sul,0,0
2020-03-05,Alagoas,0,0
2020-03-05,Bahia,0,0
2020-03-05,Ceará,0,0
2020-03-05,Maranhão,0,0
2020-03-05,Paraíba,0,0
2020-03-05,Pernambuco,0,0
2020-03-05,Piauí,0,0
2020-03-05,Rio Grande do Norte,0,0
2020-03-05,Sergipe,0,0
2020-03-05,Acre,0,0
2020-03-05,Amapá,0,0
2020-03-05,Amazonas,0,0
2020-03-05,Pará,0,0
2020-03-05,Rondônia,0,0
2020-03-05,Roraima,0,0
2020-03-05,Tocantins,0,0
2020-03-05,Espírito Santo,0,0
2020-03-05,Minas Gerais,0,0
2020-03-05,Rio de Janeiro,1,0
2020-03-05,São Paulo,6,0
2020-03-05,Paraná,0,0
2020-03-05,Rio Grande do Sul,0,0
2020-03-05,Santa Catarina,0,0
2020-03-06,Distrito Federal,0,0
2020-03-06,Goiás,0,0
2020-03-06,Mato Grosso,0,0
2020-03-06,Mato Grosso do Sul,0,0
2020-03-06,Alagoas,0,0
2020-03-06,Bahia,1,0
2020-03-06,Ceará,0,0
2020-03-06,Maranhão,0,0
2020-03-06,Paraíba,0,0
2020-03-06,Pernambuco,0,0
2020-03-06,Piauí,0,0
2020-03-06,Rio Grande do Norte,0,0
2020-03-06,Sergipe,0,0
2020-03-06,Acre,0,0
2020-03-06,Amapá,0,0
2020-03-06,Amazonas,0,0
2020-03-06,Pará,0,0
2020-03-06,Rondônia,0,0
2020-03-06,Roraima,0,0
2020-03-06,Tocantins,0,0
2020-03-06,Espírito Santo,1,0
2020-03-06,Minas Gerais,0,0
2020-03-06,Rio de Janeiro,1,0
2020-03-06,São Paulo,10,0
2020-03-06,Paraná,0,0
2020-03-06,Rio Grande do Sul,0,0
2020-03-06,Santa Catarina,0,0
2020-03-07,Distrito Federal,1,0
2020-03-07,Goiás,0,0
2020-03-07,Mato Grosso,0,0
2020-03-07,Mato Grosso do Sul,0,0
2020-03-07,Alagoas,0,0
2020-03-07,Bahia,2,0
2020-03-07,Ceará,0,0
2020-03-07,Maranhão,0,0
2020-03-07,Paraíba,0,0
2020-03-07,Pernambuco,0,0
2020-03-07,Piauí,0,0
2020-03-07,Rio Grande do Norte,0,0
2020-03-07,Sergipe,0,0
2020-03-07,Acre,0,0
2020-03-07,Amapá,0,0
2020-03-07,Amazonas,0,0
2020-03-07,Pará,0,0
2020-03-07,Rondônia,0,0
2020-03-07,Roraima,0,0
2020-03-07,Tocantins,0,0
2020-03-07,Espírito Santo,1,0
2020-03-07,Minas Gerais,0,0
2020-03-07,Rio de Janeiro,2,0
2020-03-07,São Paulo,13,0
2020-03-07,Paraná,0,0
2020-03-07,Rio Grande do Sul,0,0
2020-03-07,Santa Catarina,0,0
2020-03-08,Distrito Federal,1,0
2020-03-08,Goiás,0,0
2020-03-08,Mato Grosso,0,0
2020-03-08,Mato Grosso do Sul,0,0
2020-03-08,Alagoas,1,0
2020-03-08,Bahia,2,0
2020-03-08,Ceará,0,0
2020-03-08,Maranhão,0,0
2020-03-08,Paraíba,0,0
2020-03-08,Pernambuco,0,0
2020-03-08,Piauí,0,0
2020-03-08,Rio Grande do Norte,0,0
2020-03-08,Sergipe,0,0
2020-03-08,Acre,0,0
2020-03-08,Amapá,0,0
2020-03-08,Amazonas,0,0
2020-03-08,Pará,0,0
2020-03-08,Rondônia,0,0
2020-03-08,Roraima,0,0
2020-03-08,Tocantins,0,0
2020-03-08,Espírito Santo,1,0
2020-03-08,Minas Gerais,1,0
2020-03-08,Rio de Janeiro,3,0
2020-03-08,São Paulo,16,0
2020-03-08,Paraná,0,0
2020-03-08,Rio Grande do Sul,0,0
2020-03-08,Santa Catarina,0,0
2020-03-09,Distrito Federal,1,0
2020-03-09,Goiás,0,0
2020-03-09,Mato Grosso,0,0
2020-03-09,Mato Grosso do Sul,0,0
2020-03-09,Alagoas,1,0
2020-03-09,Bahia,2,0
2020-03-09,Ceará,0,0
2020-03-09,Maranhão,0,0
2020-03-09,Paraíba,0,0
2020-03-09,Pernambuco,0,0
2020-03-09,Piauí,0,0
2020-03-09,Rio Grande do Norte,0,0
2020-03-09,Sergipe,0,0
2020-03-09,Acre,0,0
2020-03-09,Amapá,0,0
2020-03-09,Amazonas,0,0
2020-03-09,Pará,0,0
2020-03-09,Rondônia,0,0
2020-03-09,Roraima,0,0
2020-03-09,Tocantins,0,0
2020-03-09,Espírito Santo,1,0
2020-03-09,Minas Gerais,1,0
2020-03-09,Rio de Janeiro,3,0
2020-03-09,São Paulo,16,0
2020-03-09,Paraná,0,0
2020-03-09,Rio Grande do Sul,0,0
2020-03-09,Santa Catarina,0,0
2020-03-10,Distrito Federal,1,0
2020-03-10,Goiás,0,0
2020-03-10,Mato Grosso,0,0
2020-03-10,Mato Grosso do Sul,0,0
2020-03-10,Alagoas,1,0
2020-03-10,Bahia,2,0
2020-03-10,Ceará,0,0
2020-03-10,Maranhão,0,0
2020-03-10,Paraíba,0,0
2020-03-10,Pernambuco,0,0
2020-03-10,Piauí,0,0
2020-03-10,Rio Grande do Norte,0,0
2020-03-10,Sergipe,0,0
2020-03-10,Acre,0,0
2020-03-10,Amapá,0,0
2020-03-10,Amazonas,0,0
2020-03-10,Pará,0,0
2020-03-10,Rondônia,0,0
2020-03-10,Roraima,0,0
2020-03-10,Tocantins,0,0
2020-03-10,Espírito Santo,1,0
2020-03-10,Minas Gerais,1,0
2020-03-10,Rio de Janeiro,8,0
2020-03-10,São Paulo,19,0
2020-03-10,Paraná,0,0
2020-03-10,Rio Grande do Sul,1,0
2020-03-10,Santa Catarina,0,0
2020-03-11,Distrito Federal,2,0
2020-03-11,Goiás,0,0
2020-03-11,Mato Grosso,0,0
2020-03-11,Mato Grosso do Sul,0,0
2020-03-11,Alagoas,1,0
2020-03-11,Bahia,2,0
2020-03-11,Ceará,0,0
2020-03-11,Maranhão,0,0
2020-03-11,Paraíba,0,0
2020-03-11,Pernambuco,0,0
2020-03-11,Piauí,0,0
2020-03-11,Rio Grande do Norte,0,0
2020-03-11,Sergipe,0,0
2020-03-11,Acre,0,0
2020-03-11,Amapá,0,0
2020-03-11,Amazonas,0,0
2020-03-11,Pará,0,0
2020-03-11,Rondônia,0,0
2020-03-11,Roraima,0,0
2020-03-11,Tocantins,0,0
2020-03-11,Espírito Santo,1,0
2020-03-11,Minas Gerais,1,0
2020-03-11,Rio de Janeiro,13,0
2020-03-11,São Paulo,30,0
2020-03-11,Paraná,0,0
2020-03-11,Rio Grande do Sul,2,0
2020-03-11,Santa Catarina,0,0
2020-03-12,Distrito Federal,2,0
2020-03-12,Goiás,0,0
2020-03-12,Mato Grosso,0,0
2020-03-12,Mato Grosso do Sul,0,0
2020-03-12,Alagoas,1,0
2020-03-12,Bahia,2,0
2020-03-12,Ceará,0,0
2020-03-12,Maranhão,0,0
2020-03-12,Paraíba,0,0
2020-03-12,Pernambuco,2,0
2020-03-12,Piauí,0,0
2020-03-12,Rio Grande do Norte,0,0
2020-03-12,Sergipe,0,0
2020-03-12,Acre,0,0
2020-03-12,Amapá,0,0
2020-03-12,Amazonas,0,0
2020-03-12,Pará,0,0
2020-03-12,Rondônia,0,0
2020-03-12,Roraima,0,0
2020-03-12,Tocantins,0,0
2020-03-12,Espírito Santo,1,0
2020-03-12,Minas Gerais,1,0
2020-03-12,Rio de Janeiro,16,0
2020-03-12,São Paulo,42,0
2020-03-12,Paraná,6,0
2020-03-12,Rio Grande do Sul,4,0
2020-03-12,Santa Catarina,0,0
2020-03-13,Distrito Federal,2,0
2020-03-13,Goiás,3,0
2020-03-13,Mato Grosso,0,0
2020-03-13,Mato Grosso do Sul,0,0
2020-03-13,Alagoas,1,0
2020-03-13,Bahia,2,0
2020-03-13,Ceará,0,0
2020-03-13,Maranhão,0,0
2020-03-13,Paraíba,0,0
2020-03-13,Pernambuco,2,0
2020-03-13,Piauí,0,0
2020-03-13,Rio Grande do Norte,1,0
2020-03-13,Sergipe,0,0
2020-03-13,Acre,0,0
2020-03-13,Amapá,0,0
2020-03-13,Amazonas,0,0
2020-03-13,Pará,0,0
2020-03-13,Rondônia,0,0
2020-03-13,Roraima,0,0
2020-03-13,Tocantins,0,0
2020-03-13,Espírito Santo,1,0
2020-03-13,Minas Gerais,2,0
2020-03-13,Rio de Janeiro,16,0
2020-03-13,São Paulo,56,0
2020-03-13,Paraná,6,0
2020-03-13,Rio Grande do Sul,4,0
2020-03-13,Santa Catarina,2,0
2020-03-14,Distrito Federal,6,0
2020-03-14,Goiás,3,0
2020-03-14,Mato Grosso,0,0
2020-03-14,Mato Grosso do Sul,0,0
2020-03-14,Alagoas,1,0
2020-03-14,Bahia,2,0
2020-03-14,Ceará,0,0
2020-03-14,Maranhão,0,0
2020-03-14,Paraíba,0,0
2020-03-14,Pernambuco,2,0
2020-03-14,Piauí,0,0
2020-03-14,Rio Grande do Norte,1,0
2020-03-14,Sergipe,0,0
2020-03-14,Acre,0,0
2020-03-14,Amapá,0,0
2020-03-14,Amazonas,0,0
2020-03-14,Pará,0,0
2020-03-14,Rondônia,0,0
2020-03-14,Roraima,0,0
2020-03-14,Tocantins,0,0
2020-03-14,Espírito Santo,1,0
2020-03-14,Minas Gerais,2,0
2020-03-14,Rio de Janeiro,22,0
2020-03-14,São Paulo,65,0
2020-03-14,Paraná,6,0
2020-03-14,Rio Grande do Sul,6,0
2020-03-14,Santa Catarina,4,0
2020-03-15,Distrito Federal,8,0
2020-03-15,Goiás,3,0
2020-03-15,Mato Grosso,0,0
2020-03-15,Mato Grosso do Sul,0,0
2020-03-15,Alagoas,1,0
2020-03-15,Bahia,2,0
2020-03-15,Ceará,0,0
2020-03-15,Maranhão,0,0
2020-03-15,Paraíba,0,0
2020-03-15,Pernambuco,2,0
2020-03-15,Piauí,0,0
2020-03-15,Rio Grande do Norte,1,0
2020-03-15,Sergipe,1,0
2020-03-15,Acre,0,0
2020-03-15,Amapá,0,0
2020-03-15,Amazonas,1,0
2020-03-15,Pará,0,0
2020-03-15,Rondônia,0,0
2020-03-15,Roraima,0,0
2020-03-15,Tocantins,0,0
2020-03-15,Espírito Santo,1,0
2020-03-15,Minas Gerais,2,0
2020-03-15,Rio de Janeiro,24,0
2020-03-15,São Paulo,136,0
2020-03-15,Paraná,6,0
2020-03-15,Rio Grande do Sul,6,0
2020-03-15,Santa Catarina,6,0
2020-03-16,Distrito Federal,13,0
2020-03-16,Goiás,3,0
2020-03-16,Mato Grosso,0,0
2020-03-16,Mato Grosso do Sul,2,0
2020-03-16,Alagoas,1,0
2020-03-16,Bahia,2,0
2020-03-16,Ceará,0,0
2020-03-16,Maranhão,0,0
2020-03-16,Paraíba,0,0
2020-03-16,Pernambuco,2,0
2020-03-16,Piauí,0,0
2020-03-16,Rio Grande do Norte,1,0
2020-03-16,Sergipe,1,0
2020-03-16,Acre,0,0
2020-03-16,Amapá,0,0
2020-03-16,Amazonas,1,0
2020-03-16,Pará,0,0
2020-03-16,Rondônia,0,0
2020-03-16,Roraima,0,0
2020-03-16,Tocantins,0,0
2020-03-16,Espírito Santo,1,0
2020-03-16,Minas Gerais,5,0
2020-03-16,Rio de Janeiro,31,0
2020-03-16,São Paulo,152,0
2020-03-16,Paraná,6,0
2020-03-16,Rio Grande do Sul,6,0
2020-03-16,Santa Catarina,7,0
2020-03-17,Distrito Federal,22,0
2020-03-17,Goiás,6,0
2020-03-17,Mato Grosso,0,0
2020-03-17,Mato Grosso do Sul,4,0
2020-03-17,Alagoas,1,0
2020-03-17,Bahia,3,0
2020-03-17,Ceará,5,0
2020-03-17,Maranhão,0,0
2020-03-17,Paraíba,0,0
2020-03-17,Pernambuco,16,0
2020-03-17,Piauí,0,0
2020-03-17,Rio Grande do Norte,1,0
2020-03-17,Sergipe,4,0
2020-03-17,Acre,0,0
2020-03-17,Amapá,0,0
2020-03-17,Amazonas,1,0
2020-03-17,Pará,0,0
2020-03-17,Rondônia,0,0
2020-03-17,Roraima,0,0
2020-03-17,Tocantins,0,0
2020-03-17,Espírito Santo,1,0
2020-03-17,Minas Gerais,7,0
2020-03-17,Rio de Janeiro,33,0
2020-03-17,São Paulo,164,1
2020-03-17,Paraná,6,0
2020-03-17,Rio Grande do Sul,10,0
2020-03-17,Santa Catarina,7,0
2020-03-18,Distrito Federal,26,0
2020-03-18,Goiás,8,0
2020-03-18,Mato Grosso,0,0
2020-03-18,Mato Grosso do Sul,7,0
2020-03-18,Alagoas,1,0
2020-03-18,Bahia,3,0
2020-03-18,Ceará,9,0
2020-03-18,Maranhão,0,0
2020-03-18,Paraíba,0,0
2020-03-18,Pernambuco,16,0
2020-03-18,Piauí,0,0
2020-03-18,Rio Grande do Norte,1,0
2020-03-18,Sergipe,5,0
2020-03-18,Acre,0,0
2020-03-18,Amapá,0,0
2020-03-18,Amazonas,1,0
2020-03-18,Pará,0,0
2020-03-18,Rondônia,0,0
2020-03-18,Roraima,0,0
2020-03-18,Tocantins,0,0
2020-03-18,Espírito Santo,9,0
2020-03-18,Minas Gerais,15,0
2020-03-18,Rio de Janeiro,45,0
2020-03-18,São Paulo,240,4
2020-03-18,Paraná,13,0
2020-03-18,Rio Grande do Sul,19,0
2020-03-18,Santa Catarina,10,0
2020-03-19,Distrito Federal,42,0
2020-03-19,Goiás,12,0
2020-03-19,Mato Grosso,0,0
2020-03-19,Mato Grosso do Sul,7,0
2020-03-19,Alagoas,4,0
2020-03-19,Bahia,30,0
2020-03-19,Ceará,20,0
2020-03-19,Maranhão,0,0
2020-03-19,Paraíba,1,0
2020-03-19,Pernambuco,28,0
2020-03-19,Piauí,0,0
2020-03-19,Rio Grande do Norte,1,0
2020-03-19,Sergipe,6,0
2020-03-19,Acre,3,0
2020-03-19,Amapá,0,0
2020-03-19,Amazonas,3,0
2020-03-19,Pará,1,0
2020-03-19,Rondônia,0,0
2020-03-19,Roraima,0,0
2020-03-19,Tocantins,1,0
2020-03-19,Espírito Santo,11,0
2020-03-19,Minas Gerais,29,0
2020-03-19,Rio de Janeiro,65,2
2020-03-19,São Paulo,286,4
2020-03-19,Paraná,23,0
2020-03-19,Rio Grande do Sul,28,0
2020-03-19,Santa Catarina,20,0
2020-03-20,Distrito Federal,87,0
2020-03-20,Goiás,15,0
2020-03-20,Mato Grosso,1,0
2020-03-20,Mato Grosso do Sul,9,0
2020-03-20,Alagoas,5,0
2020-03-20,Bahia,33,0
2020-03-20,Ceará,55,0
2020-03-20,Maranhão,0,0
2020-03-20,Paraíba,1,0
2020-03-20,Pernambuco,30,0
2020-03-20,Piauí,3,0
2020-03-20,Rio Grande do Norte,1,0
2020-03-20,Sergipe,6,0
2020-03-20,Acre,7,0
2020-03-20,Amapá,1,0
2020-03-20,Amazonas,3,0
2020-03-20,Pará,2,0
2020-03-20,Rondônia,1,0
2020-03-20,Roraima,0,0
2020-03-20,Tocantins,1,0
2020-03-20,Espírito Santo,13,0
2020-03-20,Minas Gerais,35,0
2020-03-20,Rio de Janeiro,109,2
2020-03-20,São Paulo,396,9
2020-03-20,Paraná,32,0
2020-03-20,Rio Grande do Sul,37,0
2020-03-20,Santa Catarina,21,0
2020-03-21,Distrito Federal,100,0
2020-03-21,Goiás,20,0
2020-03-21,Mato Grosso,2,0
2020-03-21,Mato Grosso do Sul,16,0
2020-03-21,Alagoas,7,0
2020-03-21,Bahia,41,0
2020-03-21,Ceará,68,0
2020-03-21,Maranhão,1,0
2020-03-21,Paraíba,1,0
2020-03-21,Pernambuco,30,0
2020-03-21,Piauí,4,0
2020-03-21,Rio Grande do Norte,6,0
2020-03-21,Sergipe,10,0
2020-03-21,Acre,9,0
2020-03-21,Amapá,1,0
2020-03-21,Amazonas,11,0
2020-03-21,Pará,2,0
2020-03-21,Rondônia,1,0
2020-03-21,Roraima,0,0
2020-03-21,Tocantins,2,0
2020-03-21,Espírito Santo,26,0
2020-03-21,Minas Gerais,38,0
2020-03-21,Rio de Janeiro,119,3
2020-03-21,São Paulo,459,15
2020-03-21,Paraná,43,0
2020-03-21,Rio Grande do Sul,60,0
2020-03-21,Santa Catarina,51,0
2020-03-22,Distrito Federal,117,0
2020-03-22,Goiás,21,0
2020-03-22,Mato Grosso,2,0
2020-03-22,Mato Grosso do Sul,21,0
2020-03-22,Alagoas,7,0
2020-03-22,Bahia,49,0
2020-03-22,Ceará,112,0
2020-03-22,Maranhão,2,0
2020-03-22,Paraíba,1,0
2020-03-22,Pernambuco,37,0
2020-03-22,Piauí,4,0
2020-03-22,Rio Grande do Norte,9,0
2020-03-22,Sergipe,10,0
2020-03-22,Acre,11,0
2020-03-22,Amapá,1,0
2020-03-22,Amazonas,26,0
2020-03-22,Pará,4,0
2020-03-22,Rondônia,3,0
2020-03-22,Roraima,2,0
2020-03-22,Tocantins,2,0
2020-03-22,Espírito Santo,26,0
2020-03-22,Minas Gerais,83,0
2020-03-22,Rio de Janeiro,186,3
2020-03-22,São Paulo,631,22
2020-03-22,Paraná,50,0
2020-03-22,Rio Grande do Sul,72,0
2020-03-22,Santa Catarina,57,0
2020-03-23,Distrito Federal,133,0
2020-03-23,Goiás,23,0
2020-03-23,Mato Grosso,2,0
2020-03-23,Mato Grosso do Sul,21,0
2020-03-23,Alagoas,7,0
2020-03-23,Bahia,63,0
2020-03-23,Ceará,163,0
2020-03-23,Maranhão,2,0
2020-03-23,Paraíba,2,0
2020-03-23,Pernambuco,42,0
2020-03-23,Piauí,6,0
2020-03-23,Rio Grande do Norte,13,0
2020-03-23,Sergipe,10,0
2020-03-23,Acre,11,0
2020-03-23,Amapá,1,0
2020-03-23,Amazonas,32,0
2020-03-23,Pará,5,0
2020-03-23,Rondônia,3,0
2020-03-23,Roraima,2,0
2020-03-23,Tocantins,5,0
2020-03-23,Espírito Santo,29,0
2020-03-23,Minas Gerais,128,0
2020-03-23,Rio de Janeiro,233,4
2020-03-23,São Paulo,745,30
2020-03-23,Paraná,56,0
2020-03-23,Rio Grande do Sul,86,0
2020-03-23,Santa Catarina,68,0
2020-03-24,Distrito Federal,160,0
2020-03-24,Goiás,27,0
2020-03-24,Mato Grosso,7,0
2020-03-24,Mato Grosso do Sul,23,0
2020-03-24,Alagoas,9,0
2020-03-24,Bahia,76,0
2020-03-24,Ceará,182,0
2020-03-24,Maranhão,8,0
2020-03-24,Paraíba,3,0
2020-03-24,Pernambuco,42,0
2020-03-24,Piauí,6,0
2020-03-24,Rio Grande do Norte,13,0
2020-03-24,Sergipe,15,0
2020-03-24,Acre,17,0
2020-03-24,Amapá,1,0
2020-03-24,Amazonas,47,0
2020-03-24,Pará,5,0
2020-03-24,Rondônia,3,0
2020-03-24,Roraima,2,0
2020-03-24,Tocantins,7,0
2020-03-24,Espírito Santo,33,0
2020-03-24,Minas Gerais,130,0
2020-03-24,Rio de Janeiro,305,6
2020-03-24,São Paulo,810,40
2020-03-24,Paraná,65,0
2020-03-24,Rio Grande do Sul,98,0
2020-03-24,Santa Catarina,107,0
2020-03-25,Distrito Federal,160,0
2020-03-25,Goiás,29,0
2020-03-25,Mato Grosso,8,0
2020-03-25,Mato Grosso do Sul,24,0
2020-03-25,Alagoas,11,0
2020-03-25,Bahia,84,0
2020-03-25,Ceará,200,0
2020-03-25,Maranhão,8,0
2020-03-25,Paraíba,3,0
2020-03-25,Pernambuco,46,1
2020-03-25,Piauí,8,0
2020-03-25,Rio Grande do Norte,14,0
2020-03-25,Sergipe,16,0
2020-03-25,Acre,23,0
2020-03-25,Amapá,1,0
2020-03-25,Amazonas,54,1
2020-03-25,Pará,7,0
2020-03-25,Rondônia,5,0
2020-03-25,Roraima,8,0
2020-03-25,Tocantins,7,0
2020-03-25,Espírito Santo,39,0
2020-03-25,Minas Gerais,133,0
2020-03-25,Rio de Janeiro,370,6
2020-03-25,São Paulo,862,48
2020-03-25,Paraná,81,0
2020-03-25,Rio Grande do Sul,123,1
2020-03-25,Santa Catarina,109,0
2020-03-26,Distrito Federal,200,0
2020-03-26,Goiás,39,1
2020-03-26,Mato Grosso,11,0
2020-03-26,Mato Grosso do Sul,25,0
2020-03-26,Alagoas,11,0
2020-03-26,Bahia,104,0
2020-03-26,Ceará,235,3
2020-03-26,Maranhão,10,0
2020-03-26,Paraíba,5,0
2020-03-26,Pernambuco,48,3
2020-03-26,Piauí,9,0
2020-03-26,Rio Grande do Norte,19,0
2020-03-26,Sergipe,16,0
2020-03-26,Acre,24,0
2020-03-26,Amapá,2,0
2020-03-26,Amazonas,67,1
2020-03-26,Pará,13,0
2020-03-26,Rondônia,5,0
2020-03-26,Roraima,8,0
2020-03-26,Tocantins,7,0
2020-03-26,Espírito Santo,39,0
2020-03-26,Minas Gerais,153,0
2020-03-26,Rio de Janeiro,421,9
2020-03-26,São Paulo,1052,58
2020-03-26,Paraná,102,0
2020-03-26,Rio Grande do Sul,168,1
2020-03-26,Santa Catarina,122,1
2020-03-27,Distrito Federal,230,0
2020-03-27,Goiás,49,1
2020-03-27,Mato Grosso,11,0
2020-03-27,Mato Grosso do Sul,28,0
2020-03-27,Alagoas,11,0
2020-03-27,Bahia,115,0
2020-03-27,Ceará,282,3
2020-03-27,Maranhão,13,0
2020-03-27,Paraíba,9,0
2020-03-27,Pernambuco,56,4
2020-03-27,Piauí,9,0
2020-03-27,Rio Grande do Norte,28,0
2020-03-27,Sergipe,16,0
2020-03-27,Acre,25,0
2020-03-27,Amapá,2,0
2020-03-27,Amazonas,81,1
2020-03-27,Pará,13,0
2020-03-27,Rondônia,6,0
2020-03-27,Roraima,10,0
2020-03-27,Tocantins,8,0
2020-03-27,Espírito Santo,47,0
2020-03-27,Minas Gerais,189,0
2020-03-27,Rio de Janeiro,493,10
2020-03-27,São Paulo,1223,68
2020-03-27,Paraná,119,2
2020-03-27,Rio Grande do Sul,195,2
2020-03-27,Santa Catarina,149,1
2020-03-28,Distrito Federal,260,0
2020-03-28,Goiás,56,1
2020-03-28,Mato Grosso,13,0
2020-03-28,Mato Grosso do Sul,31,0
2020-03-28,Alagoas,14,0
2020-03-28,Bahia,127,0
2020-03-28,Ceará,314,4
2020-03-28,Maranhão,14,0
2020-03-28,Paraíba,14,0
2020-03-28,Pernambuco,68,5
2020-03-28,Piauí,11,1
2020-03-28,Rio Grande do Norte,45,0
2020-03-28,Sergipe,16,0
2020-03-28,Acre,25,0
2020-03-28,Amapá,4,0
2020-03-28,Amazonas,111,1
2020-03-28,Pará,17,0
2020-03-28,Rondônia,6,0
2020-03-28,Roraima,12,0
2020-03-28,Tocantins,9,0
2020-03-28,Espírito Santo,53,0
2020-03-28,Minas Gerais,205,0
2020-03-28,Rio de Janeiro,558,13
2020-03-28,São Paulo,1406,84
2020-03-28,Paraná,133,2
2020-03-28,Rio Grande do Sul,197,2
2020-03-28,Santa Catarina,184,1
2020-03-29,Distrito Federal,289,1
2020-03-29,Goiás,58,1
2020-03-29,Mato Grosso,16,0
2020-03-29,Mato Grosso do Sul,36,0
2020-03-29,Alagoas,17,0
2020-03-29,Bahia,154,1
2020-03-29,Ceará,348,5
2020-03-29,Maranhão,16,0
2020-03-29,Paraíba,14,0
2020-03-29,Pernambuco,73,5
2020-03-29,Piauí,14,1
2020-03-29,Rio Grande do Norte,68,1
2020-03-29,Sergipe,16,0
2020-03-29,Acre,34,0
2020-03-29,Amapá,4,0
2020-03-29,Amazonas,140,1
2020-03-29,Pará,18,0
2020-03-29,Rondônia,6,0
2020-03-29,Roraima,16,0
2020-03-29,Tocantins,9,0
2020-03-29,Espírito Santo,60,0
2020-03-29,Minas Gerais,231,0
2020-03-29,Rio de Janeiro,600,17
2020-03-29,São Paulo,1451,98
2020-03-29,Paraná,148,2
2020-03-29,Rio Grande do Sul,226,2
2020-03-29,Santa Catarina,194,1
2020-03-30,Distrito Federal,312,1
2020-03-30,Goiás,61,1
2020-03-30,Mato Grosso,18,0
2020-03-30,Mato Grosso do Sul,44,0
2020-03-30,Alagoas,17,0
2020-03-30,Bahia,176,1
2020-03-30,Ceará,372,5
2020-03-30,Maranhão,23,1
2020-03-30,Paraíba,15,0
2020-03-30,Pernambuco,78,6
2020-03-30,Piauí,16,3
2020-03-30,Rio Grande do Norte,77,1
2020-03-30,Sergipe,16,0
2020-03-30,Acre,42,0
2020-03-30,Amapá,8,0
2020-03-30,Amazonas,151,1
2020-03-30,Pará,21,0
2020-03-30,Rondônia,6,0
2020-03-30,Roraima,16,0
2020-03-30,Tocantins,10,0
2020-03-30,Espírito Santo,72,0
2020-03-30,Minas Gerais,261,1
2020-03-30,Rio de Janeiro,657,18
2020-03-30,São Paulo,1517,113
2020-03-30,Paraná,155,3
2020-03-30,Rio Grande do Sul,241,3
2020-03-30,Santa Catarina,197,1
2020-03-31,Distrito Federal,332,3
2020-03-31,Goiás,65,1
2020-03-31,Mato Grosso,25,0
2020-03-31,Mato Grosso do Sul,48,1
2020-03-31,Alagoas,18,1
2020-03-31,Bahia,213,2
2020-03-31,Ceará,390,7
2020-03-31,Maranhão,31,1
2020-03-31,Paraíba,17,0
2020-03-31,Pernambuco,87,6
2020-03-31,Piauí,18,4
2020-03-31,Rio Grande do Norte,82,1
2020-03-31,Sergipe,19,0
2020-03-31,Acre,42,0
2020-03-31,Amapá,10,0
2020-03-31,Amazonas,175,3
2020-03-31,Pará,32,0
2020-03-31,Rondônia,8,1
2020-03-31,Roraima,16,0
2020-03-31,Tocantins,11,0
2020-03-31,Espírito Santo,84,0
2020-03-31,Minas Gerais,275,2
2020-03-31,Rio de Janeiro,708,23
2020-03-31,São Paulo,2339,136
2020-03-31,Paraná,179,3
2020-03-31,Rio Grande do Sul,274,4
2020-03-31,Santa Catarina,219,2
2020-04-01,Distrito Federal,355,3
2020-04-01,Goiás,71,1
2020-04-01,Mato Grosso,27,0
2020-04-01,Mato Grosso do Sul,51,1
2020-04-01,Alagoas,18,1
2020-04-01,Bahia,246,2
2020-04-01,Ceará,444,8
2020-04-01,Maranhão,54,1
2020-04-01,Paraíba,20,1
2020-04-01,Pernambuco,95,8
2020-04-01,Piauí,18,4
2020-04-01,Rio Grande do Norte,92,2
2020-04-01,Sergipe,20,0
2020-04-01,Acre,43,0
2020-04-01,Amapá,11,0
2020-04-01,Amazonas,200,3
2020-04-01,Pará,40,0
2020-04-01,Rondônia,9,1
2020-04-01,Roraima,22,0
2020-04-01,Tocantins,12,0
2020-04-01,Espírito Santo,96,0
2020-04-01,Minas Gerais,314,3
2020-04-01,Rio de Janeiro,832,28
2020-04-01,São Paulo,2981,164
2020-04-01,Paraná,224,3
2020-04-01,Rio Grande do Sul,306,4
2020-04-01,Santa Catarina,235,2
2020-04-02,Distrito Federal,370,4
2020-04-02,Goiás,73,1
2020-04-02,Mato Grosso,36,0
2020-04-02,Mato Grosso do Sul,53,1
2020-04-02,Alagoas,18,1
2020-04-02,Bahia,267,3
2020-04-02,Ceará,550,20
2020-04-02,Maranhão,71,1
2020-04-02,Paraíba,21,1
2020-04-02,Pernambuco,106,9
2020-04-02,Piauí,19,4
2020-04-02,Rio Grande do Norte,105,2
2020-04-02,Sergipe,23,2
2020-04-02,Acre,43,0
2020-04-02,Amapá,11,0
2020-04-02,Amazonas,229,3
2020-04-02,Pará,46,1
2020-04-02,Rondônia,10,1
2020-04-02,Roraima,26,0
2020-04-02,Tocantins,12,0
2020-04-02,Espírito Santo,120,1
2020-04-02,Minas Gerais,370,4
2020-04-02,Rio de Janeiro,992,41
2020-04-02,São Paulo,3506,188
2020-04-02,Paraná,252,4
2020-04-02,Rio Grande do Sul,334,5
2020-04-02,Santa Catarina,247,2
2020-04-03,Distrito Federal,402,5
2020-04-03,Goiás,88,2
2020-04-03,Mato Grosso,44,1
2020-04-03,Mato Grosso do Sul,60,1
2020-04-03,Alagoas,22,2
2020-04-03,Bahia,282,5
2020-04-03,Ceará,627,22
2020-04-03,Maranhão,81,1
2020-04-03,Paraíba,29,1
2020-04-03,Pernambuco,136,10
2020-04-03,Piauí,21,4
2020-04-03,Rio Grande do Norte,176,4
2020-04-03,Sergipe,25,2
2020-04-03,Acre,46,0
2020-04-03,Amapá,19,0
2020-04-03,Amazonas,260,7
2020-04-03,Pará,50,1
2020-04-03,Rondônia,10,1
2020-04-03,Roraima,30,0
2020-04-03,Tocantins,12,0
2020-04-03,Espírito Santo,139,4
2020-04-03,Minas Gerais,397,6
2020-04-03,Rio de Janeiro,1074,47
2020-04-03,São Paulo,4048,219
2020-04-03,Paraná,301,4
2020-04-03,Rio Grande do Sul,396,5
2020-04-03,Santa Catarina,281,5
2020-04-04,Distrito Federal,454,7
2020-04-04,Goiás,103,2
2020-04-04,Mato Grosso,56,1
2020-04-04,Mato Grosso do Sul,62,1
2020-04-04,Alagoas,23,2
2020-04-04,Bahia,332,7
2020-04-04,Ceará,730,22
2020-04-04,Maranhão,88,1
2020-04-04,Paraíba,32,2
2020-04-04,Pernambuco,176,14
2020-04-04,Piauí,22,4
2020-04-04,Rio Grande do Norte,212,5
2020-04-04,Sergipe,27,2
2020-04-04,Acre,46,0
2020-04-04,Amapá,28,1
2020-04-04,Amazonas,311,12
2020-04-04,Pará,80,1
2020-04-04,Rondônia,11,1
2020-04-04,Roraima,37,1
2020-04-04,Tocantins,14,0
2020-04-04,Espírito Santo,153,5
2020-04-04,Minas Gerais,430,6
2020-04-04,Rio de Janeiro,1246,58
2020-04-04,São Paulo,4466,260
2020-04-04,Paraná,395,6
2020-04-04,Rio Grande do Sul,410,6
2020-04-04,Santa Catarina,334,5
2020-04-05,Distrito Federal,468,7
2020-04-05,Goiás,115,3
2020-04-05,Mato Grosso,60,1
2020-04-05,Mato Grosso do Sul,65,1
2020-04-05,Alagoas,28,2
2020-04-05,Bahia,401,9
2020-04-05,Ceará,823,26
2020-04-05,Maranhão,96,2
2020-04-05,Paraíba,34,4
2020-04-05,Pernambuco,201,21
2020-04-05,Piauí,23,4
2020-04-05,Rio Grande do Norte,242,7
2020-04-05,Sergipe,32,3
2020-04-05,Acre,48,0
2020-04-05,Amapá,29,2
2020-04-05,Amazonas,417,14
2020-04-05,Pará,86,1
2020-04-05,Rondônia,12,1
2020-04-05,Roraima,42,1
2020-04-05,Tocantins,17,0
2020-04-05,Espírito Santo,166,6
2020-04-05,Minas Gerais,498,6
2020-04-05,Rio de Janeiro,1394,64
2020-04-05,São Paulo,4620,275
2020-04-05,Paraná,438,9
2020-04-05,Rio Grande do Sul,418,7
2020-04-05,Santa Catarina,357,10
2020-04-06,Distrito Federal,473,10
2020-04-06,Goiás,119,5
2020-04-06,Mato Grosso,76,1
2020-04-06,Mato Grosso do Sul,66,1
2020-04-06,Alagoas,31,2
2020-04-06,Bahia,431,10
2020-04-06,Ceará,1013,29
2020-04-06,Maranhão,133,2
2020-04-06,Paraíba,35,4
2020-04-06,Pernambuco,223,30
2020-04-06,Piauí,23,4
2020-04-06,Rio Grande do Norte,246,7
2020-04-06,Sergipe,32,4
2020-04-06,Acre,50,0
2020-04-06,Amapá,34,2
2020-04-06,Amazonas,532,19
2020-04-06,Pará,102,3
2020-04-06,Rondônia,14,1
2020-04-06,Roraima,42,1
2020-04-06,Tocantins,17,0
2020-04-06,Espírito Santo,194,6
2020-04-06,Minas Gerais,525,9
2020-04-06,Rio de Janeiro,1461,71
2020-04-06,São Paulo,4866,304
2020-04-06,Paraná,458,11
2020-04-06,Rio Grande do Sul,481,7
2020-04-06,Santa Catarina,379,10
